topic,ai_prompt,article
Social Media Marketing,"Write a unique article, approximately 100 to 200 words about social media marketing.","Social media marketing is an essential tool for businesses of all types in today's digital world. It offers an inexpensive, fast, and easy way to reach a wide variety of prospects, engage customers, and build a reputation for your brand. Through a mix of highly targeted strategies, businesses can maximize the potential of their social media campaigns to meet their marketing objectives.

First, it is important to understand which platforms work best to reach your audience. For example, Twitter and LinkedIn are great for professional services, while Instagram and YouTube are ideal for companies targeting the younger generation. By knowing this, businesses can develop postings, videos, and other content tailored to each individual platform.

Second, businesses should take the time to research targeted advertising options. Many social media platforms allow you to target ads to specific demographics, age groups, and interests, enabling you to target only those who may be in the market for your products or services.

Finally, businesses should take advantage of the various analytics tools available. These tools allow you to track your progress, analyze the success of your campaigns, and make adjustments to your plans accordingly.

Overall, social media marketing is a cost-effective and low-effort way to reach a larger audience and boost your brand's presence. Through a mix of research, targeted advertising, and analytics, businesses can maximize the potential of their social media campaigns."
Social Media Marketing,"Write a unique article, approximately 100 to 200 words about social media marketing.","Social media marketing is becoming increasingly important for businesses of all sizes. Social media gives businesses a platform to engage with potential customers, increase brand awareness, and build relationships with their existing customers. Through strategic strategies and creative campaigns, businesses can use social media marketing to generate leads, grow their customer base, and increase their sales.

Meaningful engagement on social media can help businesses build trust and develop relationships with their customers. Through interactions like customer service, direct messages, polls, and surveys, businesses can create meaningful conversations that can help them understand their target market and develop better relationships with their customers.

Social media marketing also helps businesses to expand their reach and connect with people who are interested in their products and services. Through retargeting campaigns, sponsored and boosted posts, and influencer campaigns, businesses can reach large audiences and effectively target their ideal customers.

Finally, social media marketing can also help businesses to gain valuable insights about their target market and their overall performance. Through website and analytics, businesses can gain insights about their customer's interests and behaviour, which can guide their future marketing strategies.

Social media marketing is an invaluable tool for businesses of all sizes. Through strategic planning, creative campaigns, and meaningful interactions, businesses can increase their customer base, grow their sales, and gain valuable insights about their target market."
Social Media Marketing,"Write a unique article, approximately 100 to 200 words about social media marketing.","Social media marketing is increasingly becoming a crucial part of any business’s success in the digital age. It involves creating social media accounts and engaging audiences with content that resonates, increasing brand visibility and website traffic.

When utilized effectively, social media marketing can yield excellent results, such as creating relationships, generating leads and driving sales. By posting creative visuals, captivating stories, and interesting content, companies can foster an online community, who in turn become brand advocates.

Furthermore, the use of analytics tools allow organizations to track the performance of their posts and gain further insights into their audiences. Social media marketing also has a low cost, making it accessible to even the smallest businesses.

For companies wishing to get the most out of their social media efforts, understanding their target audience, scheduling content, and engaging in two-way conversations are all important. There is also the option of repurposing content and outsourcing social media management to ensure quality without overloading the business with additional tasks.

To ensure the success of a social media marketing plan, businesses should take the time to understand their goals, purpose, audience, and the platforms they use. Strategic and timely planning will help to drive the best results."
