topic,ai_prompt,result
Website Design,"Write a unique article, approximately 100 to 200 words about pool deck repair.",
Website Design,"Write a unique article, approximately 100 to 200 words about pool deck repair.",
Website Design,"Write a unique article, approximately 100 to 200 words about pool deck repair.",
Website Design,"Write a unique article, approximately 100 to 200 words about pool deck repair.",
Website Design,"Write a unique article, approximately 100 to 200 words about pool deck repair.",
Website Design,"Write a unique article, approximately 100 to 200 words about pool deck repair.",
Website Design,"Write a unique article, approximately 100 to 200 words about pool deck repair.",
Website Design,"Write a unique article, approximately 100 to 200 words about pool deck repair.",
Website Design,"Write a unique article, approximately 100 to 200 words about pool deck repair.",
Website Design,"Write a unique article, approximately 100 to 200 words about pool deck repair.",
Website Design,"Write a unique article, approximately 100 to 200 words about pool deck repair.",
Website Design,"Write a unique article, approximately 100 to 200 words about pool deck repair.",
Website Design,"Write a unique article, approximately 100 to 200 words about pool deck repair.",
Website Design,"Write a unique article, approximately 100 to 200 words about pool deck repair.",
Website Design,"Write a unique article, approximately 100 to 200 words about pool deck repair.",
Website Design,"Write a unique article, approximately 100 to 200 words about pool deck repair.",
Website Design,"Write a unique article, approximately 100 to 200 words about pool deck repair.",
Website Design,"Write a unique article, approximately 100 to 200 words about pool deck repair.",
Website Design,"Write a unique article, approximately 100 to 200 words about pool deck repair.",
Website Design,"Write a unique article, approximately 100 to 200 words about pool deck repair.",
Website Design,"Write a unique article, approximately 100 to 200 words about pool deck repair.",
Website Design,"Write a unique article, approximately 100 to 200 words about pool deck repair.",
Website Design,"Write a unique article, approximately 100 to 200 words about pool deck repair.",
Website Design,"Write a unique article, approximately 100 to 200 words about pool deck repair.",
Website Design,"Write a unique article, approximately 100 to 200 words about pool deck repair.",
Website Design,"Write a unique article, approximately 100 to 200 words about pool deck repair.",
Website Design,"Write a unique article, approximately 100 to 200 words about pool deck repair.",
Website Design,"Write a unique article, approximately 100 to 200 words about pool deck repair.",
Website Design,"Write a unique article, approximately 100 to 200 words about pool deck repair.",
Website Design,"Write a unique article, approximately 100 to 200 words about pool deck repair.",
Website Design,"Write a unique article, approximately 100 to 200 words about pool deck repair.",
Website Design,"Write a unique article, approximately 100 to 200 words about pool deck repair.",
Website Design,"Write a unique article, approximately 100 to 200 words about pool deck repair.",
Website Design,"Write a unique article, approximately 100 to 200 words about pool deck repair.",
Website Design,"Write a unique article, approximately 100 to 200 words about pool deck repair.",
Website Design,"Write a unique article, approximately 100 to 200 words about pool deck repair.",
Website Design,"Write a unique article, approximately 100 to 200 words about pool deck repair.",
Website Design,"Write a unique article, approximately 100 to 200 words about pool deck repair.",
Website Design,"Write a unique article, approximately 100 to 200 words about pool deck repair.",
Website Design,"Write a unique article, approximately 100 to 200 words about pool deck repair.",
Website Design,"Write a unique article, approximately 100 to 200 words about pool deck repair.",
Website Design,"Write a unique article, approximately 100 to 200 words about pool deck repair.",
Website Design,"Write a unique article, approximately 100 to 200 words about pool deck repair.",
Website Design,"Write a unique article, approximately 100 to 200 words about pool deck repair.",
Website Design,"Write a unique article, approximately 100 to 200 words about pool deck repair.",
Website Design,"Write a unique article, approximately 100 to 200 words about pool deck repair.",
Website Design,"Write a unique article, approximately 100 to 200 words about pool deck repair.",
Website Design,"Write a unique article, approximately 100 to 200 words about pool deck repair.",
Website Design,"Write a unique article, approximately 100 to 200 words about pool deck repair.",
Website Design,"Write a unique article, approximately 100 to 200 words about pool deck repair.",
Website Design,"Write a unique article, approximately 100 to 200 words about pool deck repair.",
Website Design,"Write a unique article, approximately 100 to 200 words about pool deck repair.",
Website Design,"Write a unique article, approximately 100 to 200 words about pool deck repair.",
Website Design,"Write a unique article, approximately 100 to 200 words about pool deck repair.",
Website Design,"Write a unique article, approximately 100 to 200 words about pool deck repair.",
Website Design,"Write a unique article, approximately 100 to 200 words about pool deck repair.",
Website Design,"Write a unique article, approximately 100 to 200 words about pool deck repair.",
Website Design,"Write a unique article, approximately 100 to 200 words about pool deck repair.",
Website Design,"Write a unique article, approximately 100 to 200 words about pool deck repair.",
Website Design,"Write a unique article, approximately 100 to 200 words about pool deck repair.",
Website Design,"Write a unique article, approximately 100 to 200 words about pool deck repair.",
Website Design,"Write a unique article, approximately 100 to 200 words about pool deck repair.",
Website Design,"Write a unique article, approximately 100 to 200 words about pool deck repair.",
Website Design,"Write a unique article, approximately 100 to 200 words about pool deck repair.",
Website Design,"Write a unique article, approximately 100 to 200 words about pool deck repair.",
Website Design,"Write a unique article, approximately 100 to 200 words about pool deck repair.",
Website Design,"Write a unique article, approximately 100 to 200 words about pool deck repair.",
Website Design,"Write a unique article, approximately 100 to 200 words about pool deck repair.",
Website Design,"Write a unique article, approximately 100 to 200 words about pool deck repair.",
Website Design,"Write a unique article, approximately 100 to 200 words about pool deck repair.",
Website Design,"Write a unique article, approximately 100 to 200 words about pool deck repair.",
Website Design,"Write a unique article, approximately 100 to 200 words about pool deck repair.",
Website Design,"Write a unique article, approximately 100 to 200 words about pool deck repair.",
Website Design,"Write a unique article, approximately 100 to 200 words about pool deck repair.",
Website Design,"Write a unique article, approximately 100 to 200 words about pool deck repair.",
Website Design,"Write a unique article, approximately 100 to 200 words about pool deck repair.",
Website Design,"Write a unique article, approximately 100 to 200 words about pool deck repair.",
Website Design,"Write a unique article, approximately 100 to 200 words about pool deck repair.",
Website Design,"Write a unique article, approximately 100 to 200 words about pool deck repair.",
Website Design,"Write a unique article, approximately 100 to 200 words about pool deck repair.",
Website Design,"Write a unique article, approximately 100 to 200 words about pool deck repair.",
Website Design,"Write a unique article, approximately 100 to 200 words about pool deck repair.",
Website Design,"Write a unique article, approximately 100 to 200 words about pool deck repair.",
Website Design,"Write a unique article, approximately 100 to 200 words about pool deck repair.",
Website Design,"Write a unique article, approximately 100 to 200 words about pool deck repair.",
Website Design,"Write a unique article, approximately 100 to 200 words about pool deck repair.",
Website Design,"Write a unique article, approximately 100 to 200 words about pool deck repair.",
Website Design,"Write a unique article, approximately 100 to 200 words about pool deck repair.",
Website Design,"Write a unique article, approximately 100 to 200 words about pool deck repair.",
Website Design,"Write a unique article, approximately 100 to 200 words about pool deck repair.",
Website Design,"Write a unique article, approximately 100 to 200 words about pool deck repair.",
Website Design,"Write a unique article, approximately 100 to 200 words about pool deck repair.",
Website Design,"Write a unique article, approximately 100 to 200 words about pool deck repair.",
Website Design,"Write a unique article, approximately 100 to 200 words about pool deck repair.",
Website Design,"Write a unique article, approximately 100 to 200 words about pool deck repair.",
Website Design,"Write a unique article, approximately 100 to 200 words about pool deck repair.",
Website Design,"Write a unique article, approximately 100 to 200 words about pool deck repair.",
Website Design,"Write a unique article, approximately 100 to 200 words about pool deck repair.",
Website Design,"Write a unique article, approximately 100 to 200 words about pool deck repair.",
Website Design,"Write a unique article, approximately 100 to 200 words about pool deck repair.",
Website Design,"Write a unique article, approximately 100 to 200 words about pool deck repair.",
Website Design,"Write a unique article, approximately 100 to 200 words about pool deck repair.",
Website Design,"Write a unique article, approximately 100 to 200 words about pool deck repair.",
Website Design,"Write a unique article, approximately 100 to 200 words about pool deck repair.",
Website Design,"Write a unique article, approximately 100 to 200 words about pool deck repair.",
Website Design,"Write a unique article, approximately 100 to 200 words about pool deck repair.",
Website Design,"Write a unique article, approximately 100 to 200 words about pool deck repair.",
Website Design,"Write a unique article, approximately 100 to 200 words about pool deck repair.",
Website Design,"Write a unique article, approximately 100 to 200 words about pool deck repair.",
Website Design,"Write a unique article, approximately 100 to 200 words about pool deck repair.",
Website Design,"Write a unique article, approximately 100 to 200 words about pool deck repair.",
Website Design,"Write a unique article, approximately 100 to 200 words about pool deck repair.",
Website Design,"Write a unique article, approximately 100 to 200 words about pool deck repair.",
Website Design,"Write a unique article, approximately 100 to 200 words about pool deck repair.",
Website Design,"Write a unique article, approximately 100 to 200 words about pool deck repair.",
Website Design,"Write a unique article, approximately 100 to 200 words about pool deck repair.",
Website Design,"Write a unique article, approximately 100 to 200 words about pool deck repair.",
Website Design,"Write a unique article, approximately 100 to 200 words about pool deck repair.",
Website Design,"Write a unique article, approximately 100 to 200 words about pool deck repair.",
Website Design,"Write a unique article, approximately 100 to 200 words about pool deck repair.",
Website Design,"Write a unique article, approximately 100 to 200 words about pool deck repair.",
Website Design,"Write a unique article, approximately 100 to 200 words about pool deck repair.",
Website Design,"Write a unique article, approximately 100 to 200 words about pool deck repair.",
Website Design,"Write a unique article, approximately 100 to 200 words about pool deck repair.",
Website Design,"Write a unique article, approximately 100 to 200 words about pool deck repair.",
Website Design,"Write a unique article, approximately 100 to 200 words about pool deck repair.",
Website Design,"Write a unique article, approximately 100 to 200 words about pool deck repair.",
Website Design,"Write a unique article, approximately 100 to 200 words about pool deck repair.",
Website Design,"Write a unique article, approximately 100 to 200 words about pool deck repair.",
Website Design,"Write a unique article, approximately 100 to 200 words about pool deck repair.",
Website Design,"Write a unique article, approximately 100 to 200 words about pool deck repair.",
Website Design,"Write a unique article, approximately 100 to 200 words about pool deck repair.",
Website Design,"Write a unique article, approximately 100 to 200 words about pool deck repair.",
Website Design,"Write a unique article, approximately 100 to 200 words about pool deck repair.",
Website Design,"Write a unique article, approximately 100 to 200 words about pool deck repair.",
Website Design,"Write a unique article, approximately 100 to 200 words about pool deck repair.",
Website Design,"Write a unique article, approximately 100 to 200 words about pool deck repair.",
Website Design,"Write a unique article, approximately 100 to 200 words about pool deck repair.",
Website Design,"Write a unique article, approximately 100 to 200 words about pool deck repair.",
Website Design,"Write a unique article, approximately 100 to 200 words about pool deck repair.",
Website Design,"Write a unique article, approximately 100 to 200 words about pool deck repair.",
Website Design,"Write a unique article, approximately 100 to 200 words about pool deck repair.",
Website Design,"Write a unique article, approximately 100 to 200 words about pool deck repair.",
Website Design,"Write a unique article, approximately 100 to 200 words about pool deck repair.",
Website Design,"Write a unique article, approximately 100 to 200 words about pool deck repair.",
Website Design,"Write a unique article, approximately 100 to 200 words about pool deck repair.",
Website Design,"Write a unique article, approximately 100 to 200 words about pool deck repair.",
Website Design,"Write a unique article, approximately 100 to 200 words about pool deck repair.",
Website Design,"Write a unique article, approximately 100 to 200 words about pool deck repair.",
Website Design,"Write a unique article, approximately 100 to 200 words about pool deck repair.",
Website Design,"Write a unique article, approximately 100 to 200 words about pool deck repair.",
Website Design,"Write a unique article, approximately 100 to 200 words about pool deck repair.",
Website Design,"Write a unique article, approximately 100 to 200 words about pool deck repair.",
Website Design,"Write a unique article, approximately 100 to 200 words about pool deck repair.",
Website Design,"Write a unique article, approximately 100 to 200 words about pool deck repair.",
Website Design,"Write a unique article, approximately 100 to 200 words about pool deck repair.",
Website Design,"Write a unique article, approximately 100 to 200 words about pool deck repair.",
Website Design,"Write a unique article, approximately 100 to 200 words about pool deck repair.",
Website Design,"Write a unique article, approximately 100 to 200 words about pool deck repair.",
Website Design,"Write a unique article, approximately 100 to 200 words about pool deck repair.",
Website Design,"Write a unique article, approximately 100 to 200 words about pool deck repair.",
Website Design,"Write a unique article, approximately 100 to 200 words about pool deck repair.",
Website Design,"Write a unique article, approximately 100 to 200 words about pool deck repair.",
Website Design,"Write a unique article, approximately 100 to 200 words about pool deck repair.",
Website Design,"Write a unique article, approximately 100 to 200 words about pool deck repair.",
Website Design,"Write a unique article, approximately 100 to 200 words about pool deck repair.",
Website Design,"Write a unique article, approximately 100 to 200 words about pool deck repair.",
Website Design,"Write a unique article, approximately 100 to 200 words about pool deck repair.",
Website Design,"Write a unique article, approximately 100 to 200 words about pool deck repair.",
Website Design,"Write a unique article, approximately 100 to 200 words about pool deck repair.",
Website Design,"Write a unique article, approximately 100 to 200 words about pool deck repair.",
Website Design,"Write a unique article, approximately 100 to 200 words about pool deck repair.",
Website Design,"Write a unique article, approximately 100 to 200 words about pool deck repair.",
Website Design,"Write a unique article, approximately 100 to 200 words about pool deck repair.",
Website Design,"Write a unique article, approximately 100 to 200 words about pool deck repair.",
Website Design,"Write a unique article, approximately 100 to 200 words about pool deck repair.",
Website Design,"Write a unique article, approximately 100 to 200 words about pool deck repair.",
Website Design,"Write a unique article, approximately 100 to 200 words about pool deck repair.",
Website Design,"Write a unique article, approximately 100 to 200 words about pool deck repair.",
Website Design,"Write a unique article, approximately 100 to 200 words about pool deck repair.",
Website Design,"Write a unique article, approximately 100 to 200 words about pool deck repair.",
Website Design,"Write a unique article, approximately 100 to 200 words about pool deck repair.",
Website Design,"Write a unique article, approximately 100 to 200 words about pool deck repair.",
Website Design,"Write a unique article, approximately 100 to 200 words about pool deck repair.",
Website Design,"Write a unique article, approximately 100 to 200 words about pool deck repair.",
Website Design,"Write a unique article, approximately 100 to 200 words about pool deck repair.",
Website Design,"Write a unique article, approximately 100 to 200 words about pool deck repair.",
Website Design,"Write a unique article, approximately 100 to 200 words about pool deck repair.",
Website Design,"Write a unique article, approximately 100 to 200 words about pool deck repair.",
Website Design,"Write a unique article, approximately 100 to 200 words about pool deck repair.",
Website Design,"Write a unique article, approximately 100 to 200 words about pool deck repair.",
Website Design,"Write a unique article, approximately 100 to 200 words about pool deck repair.",
Website Design,"Write a unique article, approximately 100 to 200 words about pool deck repair.",
Website Design,"Write a unique article, approximately 100 to 200 words about pool deck repair.",
Website Design,"Write a unique article, approximately 100 to 200 words about pool deck repair.",
Website Design,"Write a unique article, approximately 100 to 200 words about pool deck repair.",
Website Design,"Write a unique article, approximately 100 to 200 words about pool deck repair.",
Website Design,"Write a unique article, approximately 100 to 200 words about pool deck repair.",
Website Design,"Write a unique article, approximately 100 to 200 words about pool deck repair.",
Website Design,"Write a unique article, approximately 100 to 200 words about pool deck repair.",
Website Design,"Write a unique article, approximately 100 to 200 words about pool deck repair.",
Website Design,"Write a unique article, approximately 100 to 200 words about pool deck repair.",
Website Design,"Write a unique article, approximately 100 to 200 words about pool deck repair.",
Website Design,"Write a unique article, approximately 100 to 200 words about pool deck repair.",
Website Design,"Write a unique article, approximately 100 to 200 words about pool deck repair.",
Website Design,"Write a unique article, approximately 100 to 200 words about pool deck repair.",
Website Design,"Write a unique article, approximately 100 to 200 words about pool deck repair.",
Website Design,"Write a unique article, approximately 100 to 200 words about pool deck repair.",
Website Design,"Write a unique article, approximately 100 to 200 words about pool deck repair.",
Website Design,"Write a unique article, approximately 100 to 200 words about pool deck repair.",
Website Design,"Write a unique article, approximately 100 to 200 words about pool deck repair.",
Website Design,"Write a unique article, approximately 100 to 200 words about pool deck repair.",
Website Design,"Write a unique article, approximately 100 to 200 words about pool deck repair.",
Website Design,"Write a unique article, approximately 100 to 200 words about pool deck repair.",
Website Design,"Write a unique article, approximately 100 to 200 words about pool deck repair.",
Website Design,"Write a unique article, approximately 100 to 200 words about pool deck repair.",
Website Design,"Write a unique article, approximately 100 to 200 words about pool deck repair.",
Website Design,"Write a unique article, approximately 100 to 200 words about pool deck repair.",
Website Design,"Write a unique article, approximately 100 to 200 words about pool deck repair.",
Website Design,"Write a unique article, approximately 100 to 200 words about pool deck repair.",
Website Design,"Write a unique article, approximately 100 to 200 words about pool deck repair.",
Website Design,"Write a unique article, approximately 100 to 200 words about pool deck repair.",
Website Design,"Write a unique article, approximately 100 to 200 words about pool deck repair.",
Website Design,"Write a unique article, approximately 100 to 200 words about pool deck repair.",
Website Design,"Write a unique article, approximately 100 to 200 words about pool deck repair.",
Website Design,"Write a unique article, approximately 100 to 200 words about pool deck repair.",
Website Design,"Write a unique article, approximately 100 to 200 words about pool deck repair.",
Website Design,"Write a unique article, approximately 100 to 200 words about pool deck repair.",
Website Design,"Write a unique article, approximately 100 to 200 words about pool deck repair.",
Website Design,"Write a unique article, approximately 100 to 200 words about pool deck repair.",
Website Design,"Write a unique article, approximately 100 to 200 words about pool deck repair.",
Website Design,"Write a unique article, approximately 100 to 200 words about pool deck repair.",
Website Design,"Write a unique article, approximately 100 to 200 words about pool deck repair.",
Website Design,"Write a unique article, approximately 100 to 200 words about pool deck repair.",
Website Design,"Write a unique article, approximately 100 to 200 words about pool deck repair.",
Website Design,"Write a unique article, approximately 100 to 200 words about pool deck repair.",
Website Design,"Write a unique article, approximately 100 to 200 words about pool deck repair.",
Website Design,"Write a unique article, approximately 100 to 200 words about pool deck repair.",
Website Design,"Write a unique article, approximately 100 to 200 words about pool deck repair.",
Website Design,"Write a unique article, approximately 100 to 200 words about pool deck repair.",
Website Design,"Write a unique article, approximately 100 to 200 words about pool deck repair.",
Website Design,"Write a unique article, approximately 100 to 200 words about pool deck repair.",
Website Design,"Write a unique article, approximately 100 to 200 words about pool deck repair.",
Website Design,"Write a unique article, approximately 100 to 200 words about pool deck repair.",
Website Design,"Write a unique article, approximately 100 to 200 words about pool deck repair.",
Website Design,"Write a unique article, approximately 100 to 200 words about pool deck repair.",
Website Design,"Write a unique article, approximately 100 to 200 words about pool deck repair.",
Website Design,"Write a unique article, approximately 100 to 200 words about pool deck repair.",
Website Design,"Write a unique article, approximately 100 to 200 words about pool deck repair.",
Website Design,"Write a unique article, approximately 100 to 200 words about pool deck repair.",
Website Design,"Write a unique article, approximately 100 to 200 words about pool deck repair.",
Website Design,"Write a unique article, approximately 100 to 200 words about pool deck repair.",
Website Design,"Write a unique article, approximately 100 to 200 words about pool deck repair.",
Website Design,"Write a unique article, approximately 100 to 200 words about pool deck repair.",
Website Design,"Write a unique article, approximately 100 to 200 words about pool deck repair.",
Website Design,"Write a unique article, approximately 100 to 200 words about pool deck repair.",
Website Design,"Write a unique article, approximately 100 to 200 words about pool deck repair.",
Website Design,"Write a unique article, approximately 100 to 200 words about pool deck repair.",
Website Design,"Write a unique article, approximately 100 to 200 words about pool deck repair.",
Website Design,"Write a unique article, approximately 100 to 200 words about pool deck repair.",
Website Design,"Write a unique article, approximately 100 to 200 words about pool deck repair.",
Website Design,"Write a unique article, approximately 100 to 200 words about pool deck repair.",
Website Design,"Write a unique article, approximately 100 to 200 words about pool deck repair.",
Website Design,"Write a unique article, approximately 100 to 200 words about pool deck repair.",
Website Design,"Write a unique article, approximately 100 to 200 words about pool deck repair.",
Website Design,"Write a unique article, approximately 100 to 200 words about pool deck repair.",
Website Design,"Write a unique article, approximately 100 to 200 words about pool deck repair.",
Website Design,"Write a unique article, approximately 100 to 200 words about pool deck repair.",
Website Design,"Write a unique article, approximately 100 to 200 words about pool deck repair.",
Website Design,"Write a unique article, approximately 100 to 200 words about pool deck repair.",
Website Design,"Write a unique article, approximately 100 to 200 words about pool deck repair.",
Website Design,"Write a unique article, approximately 100 to 200 words about pool deck repair.",
Website Design,"Write a unique article, approximately 100 to 200 words about pool deck repair.",
Website Design,"Write a unique article, approximately 100 to 200 words about pool deck repair.",
Website Design,"Write a unique article, approximately 100 to 200 words about pool deck repair.",
Website Design,"Write a unique article, approximately 100 to 200 words about pool deck repair.",
Website Design,"Write a unique article, approximately 100 to 200 words about pool deck repair.",
Website Design,"Write a unique article, approximately 100 to 200 words about pool deck repair.",
Website Design,"Write a unique article, approximately 100 to 200 words about pool deck repair.",
Website Design,"Write a unique article, approximately 100 to 200 words about pool deck repair.",
Website Design,"Write a unique article, approximately 100 to 200 words about pool deck repair.",
Website Design,"Write a unique article, approximately 100 to 200 words about pool deck repair.",
Website Design,"Write a unique article, approximately 100 to 200 words about pool deck repair.",
Website Design,"Write a unique article, approximately 100 to 200 words about pool deck repair.",
Website Design,"Write a unique article, approximately 100 to 200 words about pool deck repair.",
Website Design,"Write a unique article, approximately 100 to 200 words about pool deck repair.",
Website Design,"Write a unique article, approximately 100 to 200 words about pool deck repair.",
Website Design,"Write a unique article, approximately 100 to 200 words about pool deck repair.",
Website Design,"Write a unique article, approximately 100 to 200 words about pool deck repair.",
Website Design,"Write a unique article, approximately 100 to 200 words about pool deck repair.",
Website Design,"Write a unique article, approximately 100 to 200 words about pool deck repair.",
Website Design,"Write a unique article, approximately 100 to 200 words about pool deck repair.",
Website Design,"Write a unique article, approximately 100 to 200 words about pool deck repair.",
Website Design,"Write a unique article, approximately 100 to 200 words about pool deck repair.",
Website Design,"Write a unique article, approximately 100 to 200 words about pool deck repair.",
Website Design,"Write a unique article, approximately 100 to 200 words about pool deck repair.",
Website Design,"Write a unique article, approximately 100 to 200 words about pool deck repair.",
Website Design,"Write a unique article, approximately 100 to 200 words about pool deck repair.",
Website Design,"Write a unique article, approximately 100 to 200 words about pool deck repair.",
Website Design,"Write a unique article, approximately 100 to 200 words about pool deck repair.",
Website Design,"Write a unique article, approximately 100 to 200 words about pool deck repair.",
Website Design,"Write a unique article, approximately 100 to 200 words about pool deck repair.",
Website Design,"Write a unique article, approximately 100 to 200 words about pool deck repair.",
Website Design,"Write a unique article, approximately 100 to 200 words about pool deck repair.",
Website Design,"Write a unique article, approximately 100 to 200 words about pool deck repair.",
Website Design,"Write a unique article, approximately 100 to 200 words about pool deck repair.",
Website Design,"Write a unique article, approximately 100 to 200 words about pool deck repair.",
Website Design,"Write a unique article, approximately 100 to 200 words about pool deck repair.",
Website Design,"Write a unique article, approximately 100 to 200 words about pool deck repair.",
Website Design,"Write a unique article, approximately 100 to 200 words about pool deck repair.",
Website Design,"Write a unique article, approximately 100 to 200 words about pool deck repair.",
Website Design,"Write a unique article, approximately 100 to 200 words about pool deck repair.",
Website Design,"Write a unique article, approximately 100 to 200 words about pool deck repair.",
Website Design,"Write a unique article, approximately 100 to 200 words about pool deck repair.",
Website Design,"Write a unique article, approximately 100 to 200 words about pool deck repair.",
Website Design,"Write a unique article, approximately 100 to 200 words about pool deck repair.",
Website Design,"Write a unique article, approximately 100 to 200 words about pool deck repair.",
Website Design,"Write a unique article, approximately 100 to 200 words about pool deck repair.",
Website Design,"Write a unique article, approximately 100 to 200 words about pool deck repair.",
Website Design,"Write a unique article, approximately 100 to 200 words about pool deck repair.",
Website Design,"Write a unique article, approximately 100 to 200 words about pool deck repair.",
Website Design,"Write a unique article, approximately 100 to 200 words about pool deck repair.",
Website Design,"Write a unique article, approximately 100 to 200 words about pool deck repair.",
Website Design,"Write a unique article, approximately 100 to 200 words about pool deck repair.",
Website Design,"Write a unique article, approximately 100 to 200 words about pool deck repair.",
Website Design,"Write a unique article, approximately 100 to 200 words about pool deck repair.",
Website Design,"Write a unique article, approximately 100 to 200 words about pool deck repair.",
Website Design,"Write a unique article, approximately 100 to 200 words about pool deck repair.",
Website Design,"Write a unique article, approximately 100 to 200 words about pool deck repair.",
Website Design,"Write a unique article, approximately 100 to 200 words about pool deck repair.",
Website Design,"Write a unique article, approximately 100 to 200 words about pool deck repair.",
Website Design,"Write a unique article, approximately 100 to 200 words about pool deck repair.",
Website Design,"Write a unique article, approximately 100 to 200 words about pool deck repair.",
Website Design,"Write a unique article, approximately 100 to 200 words about pool deck repair.",
Website Design,"Write a unique article, approximately 100 to 200 words about pool deck repair.",
Website Design,"Write a unique article, approximately 100 to 200 words about pool deck repair.",
Website Design,"Write a unique article, approximately 100 to 200 words about pool deck repair.",
Website Design,"Write a unique article, approximately 100 to 200 words about pool deck repair.",
Website Design,"Write a unique article, approximately 100 to 200 words about pool deck repair.",
Website Design,"Write a unique article, approximately 100 to 200 words about pool deck repair.",
Website Design,"Write a unique article, approximately 100 to 200 words about pool deck repair.",
Website Design,"Write a unique article, approximately 100 to 200 words about pool deck repair.",
Website Design,"Write a unique article, approximately 100 to 200 words about pool deck repair.",
Website Design,"Write a unique article, approximately 100 to 200 words about pool deck repair.",
Website Design,"Write a unique article, approximately 100 to 200 words about pool deck repair.",
Website Design,"Write a unique article, approximately 100 to 200 words about pool deck repair.",
Website Design,"Write a unique article, approximately 100 to 200 words about pool deck repair.",
Website Design,"Write a unique article, approximately 100 to 200 words about pool deck repair.",
Website Design,"Write a unique article, approximately 100 to 200 words about pool deck repair.",
Website Design,"Write a unique article, approximately 100 to 200 words about pool deck repair.",
Website Design,"Write a unique article, approximately 100 to 200 words about pool deck repair.",
Website Design,"Write a unique article, approximately 100 to 200 words about pool deck repair.",
Website Design,"Write a unique article, approximately 100 to 200 words about pool deck repair.",
Website Design,"Write a unique article, approximately 100 to 200 words about pool deck repair.",
Website Design,"Write a unique article, approximately 100 to 200 words about pool deck repair.",
Website Design,"Write a unique article, approximately 100 to 200 words about pool deck repair.",
Website Design,"Write a unique article, approximately 100 to 200 words about pool deck repair.",
Website Design,"Write a unique article, approximately 100 to 200 words about pool deck repair.",
Website Design,"Write a unique article, approximately 100 to 200 words about pool deck repair.",
Website Design,"Write a unique article, approximately 100 to 200 words about pool deck repair.",
Website Design,"Write a unique article, approximately 100 to 200 words about pool deck repair.",
Website Design,"Write a unique article, approximately 100 to 200 words about pool deck repair.",
Website Design,"Write a unique article, approximately 100 to 200 words about pool deck repair.",
Website Design,"Write a unique article, approximately 100 to 200 words about pool deck repair.",
Website Design,"Write a unique article, approximately 100 to 200 words about pool deck repair.",
Website Design,"Write a unique article, approximately 100 to 200 words about pool deck repair.",
Website Design,"Write a unique article, approximately 100 to 200 words about pool deck repair.",
Website Design,"Write a unique article, approximately 100 to 200 words about pool deck repair.",
Website Design,"Write a unique article, approximately 100 to 200 words about pool deck repair.",
Website Design,"Write a unique article, approximately 100 to 200 words about pool deck repair.",
Website Design,"Write a unique article, approximately 100 to 200 words about pool deck repair.",
Website Design,"Write a unique article, approximately 100 to 200 words about pool deck repair.",
Website Design,"Write a unique article, approximately 100 to 200 words about pool deck repair.",
Website Design,"Write a unique article, approximately 100 to 200 words about pool deck repair.",
Website Design,"Write a unique article, approximately 100 to 200 words about pool deck repair.",
Website Design,"Write a unique article, approximately 100 to 200 words about pool deck repair.",
Website Design,"Write a unique article, approximately 100 to 200 words about pool deck repair.",
Website Design,"Write a unique article, approximately 100 to 200 words about pool deck repair.",
Website Design,"Write a unique article, approximately 100 to 200 words about pool deck repair.",
Website Design,"Write a unique article, approximately 100 to 200 words about pool deck repair.",
Website Design,"Write a unique article, approximately 100 to 200 words about pool deck repair.",
Website Design,"Write a unique article, approximately 100 to 200 words about pool deck repair.",
Website Design,"Write a unique article, approximately 100 to 200 words about pool deck repair.",
Website Design,"Write a unique article, approximately 100 to 200 words about pool deck repair.",
Website Design,"Write a unique article, approximately 100 to 200 words about pool deck repair.",
Website Design,"Write a unique article, approximately 100 to 200 words about pool deck repair.",
Website Design,"Write a unique article, approximately 100 to 200 words about pool deck repair.",
Website Design,"Write a unique article, approximately 100 to 200 words about pool deck repair.",
Website Design,"Write a unique article, approximately 100 to 200 words about pool deck repair.",
Website Design,"Write a unique article, approximately 100 to 200 words about pool deck repair.",
Website Design,"Write a unique article, approximately 100 to 200 words about pool deck repair.",
Website Design,"Write a unique article, approximately 100 to 200 words about pool deck repair.",
Website Design,"Write a unique article, approximately 100 to 200 words about pool deck repair.",
Website Design,"Write a unique article, approximately 100 to 200 words about pool deck repair.",
Website Design,"Write a unique article, approximately 100 to 200 words about pool deck repair.",
Website Design,"Write a unique article, approximately 100 to 200 words about pool deck repair.",
Website Design,"Write a unique article, approximately 100 to 200 words about pool deck repair.",
Website Design,"Write a unique article, approximately 100 to 200 words about pool deck repair.",
Website Design,"Write a unique article, approximately 100 to 200 words about pool deck repair.",
Website Design,"Write a unique article, approximately 100 to 200 words about pool deck repair.",
Website Design,"Write a unique article, approximately 100 to 200 words about pool deck repair.",
Website Design,"Write a unique article, approximately 100 to 200 words about pool deck repair.",
Website Design,"Write a unique article, approximately 100 to 200 words about pool deck repair.",
Website Design,"Write a unique article, approximately 100 to 200 words about pool deck repair.",
Website Design,"Write a unique article, approximately 100 to 200 words about pool deck repair.",
Website Design,"Write a unique article, approximately 100 to 200 words about pool deck repair.",
Website Design,"Write a unique article, approximately 100 to 200 words about pool deck repair.",
Website Design,"Write a unique article, approximately 100 to 200 words about pool deck repair.",
Website Design,"Write a unique article, approximately 100 to 200 words about pool deck repair.",
Website Design,"Write a unique article, approximately 100 to 200 words about pool deck repair.",
Website Design,"Write a unique article, approximately 100 to 200 words about pool deck repair.",
Website Design,"Write a unique article, approximately 100 to 200 words about pool deck repair.",
Website Design,"Write a unique article, approximately 100 to 200 words about pool deck repair.",
Website Design,"Write a unique article, approximately 100 to 200 words about pool deck repair.",
Website Design,"Write a unique article, approximately 100 to 200 words about pool deck repair.",
Website Design,"Write a unique article, approximately 100 to 200 words about pool deck repair.",
Website Design,"Write a unique article, approximately 100 to 200 words about pool deck repair.",
Website Design,"Write a unique article, approximately 100 to 200 words about pool deck repair.",
Website Design,"Write a unique article, approximately 100 to 200 words about pool deck repair.",
Website Design,"Write a unique article, approximately 100 to 200 words about pool deck repair.",
Website Design,"Write a unique article, approximately 100 to 200 words about pool deck repair.",
Website Design,"Write a unique article, approximately 100 to 200 words about pool deck repair.",
Website Design,"Write a unique article, approximately 100 to 200 words about pool deck repair.",
Website Design,"Write a unique article, approximately 100 to 200 words about pool deck repair.",
Website Design,"Write a unique article, approximately 100 to 200 words about pool deck repair.",
Website Design,"Write a unique article, approximately 100 to 200 words about pool deck repair.",
Website Design,"Write a unique article, approximately 100 to 200 words about pool deck repair.",
Website Design,"Write a unique article, approximately 100 to 200 words about pool deck repair.",
Website Design,"Write a unique article, approximately 100 to 200 words about pool deck repair.",
Website Design,"Write a unique article, approximately 100 to 200 words about pool deck repair.",
Website Design,"Write a unique article, approximately 100 to 200 words about pool deck repair.",
Website Design,"Write a unique article, approximately 100 to 200 words about pool deck repair.",
Website Design,"Write a unique article, approximately 100 to 200 words about pool deck repair.",
Website Design,"Write a unique article, approximately 100 to 200 words about pool deck repair.",
Website Design,"Write a unique article, approximately 100 to 200 words about pool deck repair.",
Website Design,"Write a unique article, approximately 100 to 200 words about pool deck repair.",
Website Design,"Write a unique article, approximately 100 to 200 words about pool deck repair.",
Website Design,"Write a unique article, approximately 100 to 200 words about pool deck repair.",
Website Design,"Write a unique article, approximately 100 to 200 words about pool deck repair.",
Website Design,"Write a unique article, approximately 100 to 200 words about pool deck repair.",
Website Design,"Write a unique article, approximately 100 to 200 words about pool deck repair.",
Website Design,"Write a unique article, approximately 100 to 200 words about pool deck repair.",
Website Design,"Write a unique article, approximately 100 to 200 words about pool deck repair.",
Website Design,"Write a unique article, approximately 100 to 200 words about pool deck repair.",
Website Design,"Write a unique article, approximately 100 to 200 words about pool deck repair.",
Website Design,"Write a unique article, approximately 100 to 200 words about pool deck repair.",
Website Design,"Write a unique article, approximately 100 to 200 words about pool deck repair.",
Website Design,"Write a unique article, approximately 100 to 200 words about pool deck repair.",
Website Design,"Write a unique article, approximately 100 to 200 words about pool deck repair.",
Website Design,"Write a unique article, approximately 100 to 200 words about pool deck repair.",
Website Design,"Write a unique article, approximately 100 to 200 words about pool deck repair.",
Website Design,"Write a unique article, approximately 100 to 200 words about pool deck repair.",
Website Design,"Write a unique article, approximately 100 to 200 words about pool deck repair.",
Website Design,"Write a unique article, approximately 100 to 200 words about pool deck repair.",
Website Design,"Write a unique article, approximately 100 to 200 words about pool deck repair.",
Website Design,"Write a unique article, approximately 100 to 200 words about pool deck repair.",
Website Design,"Write a unique article, approximately 100 to 200 words about pool deck repair.",
Website Design,"Write a unique article, approximately 100 to 200 words about pool deck repair.",
Website Design,"Write a unique article, approximately 100 to 200 words about pool deck repair.",
Website Design,"Write a unique article, approximately 100 to 200 words about pool deck repair.",
Website Design,"Write a unique article, approximately 100 to 200 words about pool deck repair.",
Website Design,"Write a unique article, approximately 100 to 200 words about pool deck repair.",
Website Design,"Write a unique article, approximately 100 to 200 words about pool deck repair.",
Website Design,"Write a unique article, approximately 100 to 200 words about pool deck repair.",
Website Design,"Write a unique article, approximately 100 to 200 words about pool deck repair.",
Website Design,"Write a unique article, approximately 100 to 200 words about pool deck repair.",
Website Design,"Write a unique article, approximately 100 to 200 words about pool deck repair.",
Website Design,"Write a unique article, approximately 100 to 200 words about pool deck repair.",
Website Design,"Write a unique article, approximately 100 to 200 words about pool deck repair.",
Website Design,"Write a unique article, approximately 100 to 200 words about pool deck repair.",
Website Design,"Write a unique article, approximately 100 to 200 words about pool deck repair.",
Website Design,"Write a unique article, approximately 100 to 200 words about pool deck repair.",
Website Design,"Write a unique article, approximately 100 to 200 words about pool deck repair.",
Website Design,"Write a unique article, approximately 100 to 200 words about pool deck repair.",
Website Design,"Write a unique article, approximately 100 to 200 words about pool deck repair.",
Website Design,"Write a unique article, approximately 100 to 200 words about pool deck repair.",
Website Design,"Write a unique article, approximately 100 to 200 words about pool deck repair.",
Website Design,"Write a unique article, approximately 100 to 200 words about pool deck repair.",
Website Design,"Write a unique article, approximately 100 to 200 words about pool deck repair.",
Website Design,"Write a unique article, approximately 100 to 200 words about pool deck repair.",
Website Design,"Write a unique article, approximately 100 to 200 words about pool deck repair.",
Website Design,"Write a unique article, approximately 100 to 200 words about pool deck repair.",
Website Design,"Write a unique article, approximately 100 to 200 words about pool deck repair.",
Website Design,"Write a unique article, approximately 100 to 200 words about pool deck repair.",
Website Design,"Write a unique article, approximately 100 to 200 words about pool deck repair.",
Website Design,"Write a unique article, approximately 100 to 200 words about pool deck repair.",
Website Design,"Write a unique article, approximately 100 to 200 words about pool deck repair.",
Website Design,"Write a unique article, approximately 100 to 200 words about pool deck repair.",
Website Design,"Write a unique article, approximately 100 to 200 words about pool deck repair.",
Website Design,"Write a unique article, approximately 100 to 200 words about pool deck repair.",
Website Design,"Write a unique article, approximately 100 to 200 words about pool deck repair.",
Website Design,"Write a unique article, approximately 100 to 200 words about pool deck repair.",
Website Design,"Write a unique article, approximately 100 to 200 words about pool deck repair.",
Website Design,"Write a unique article, approximately 100 to 200 words about pool deck repair.",
Website Design,"Write a unique article, approximately 100 to 200 words about pool deck repair.",
Website Design,"Write a unique article, approximately 100 to 200 words about pool deck repair.",
Website Design,"Write a unique article, approximately 100 to 200 words about pool deck repair.",
Website Design,"Write a unique article, approximately 100 to 200 words about pool deck repair.",
Website Design,"Write a unique article, approximately 100 to 200 words about pool deck repair.",
Website Design,"Write a unique article, approximately 100 to 200 words about pool deck repair.",
Website Design,"Write a unique article, approximately 100 to 200 words about pool deck repair.",
Website Design,"Write a unique article, approximately 100 to 200 words about pool deck repair.",
Website Design,"Write a unique article, approximately 100 to 200 words about pool deck repair.",
Website Design,"Write a unique article, approximately 100 to 200 words about pool deck repair.",
Website Design,"Write a unique article, approximately 100 to 200 words about pool deck repair.",
Website Design,"Write a unique article, approximately 100 to 200 words about pool deck repair.",
Website Design,"Write a unique article, approximately 100 to 200 words about pool deck repair.",
Website Design,"Write a unique article, approximately 100 to 200 words about pool deck repair.",
Website Design,"Write a unique article, approximately 100 to 200 words about pool deck repair.",
Website Design,"Write a unique article, approximately 100 to 200 words about pool deck repair.",
Website Design,"Write a unique article, approximately 100 to 200 words about pool deck repair.",
Website Design,"Write a unique article, approximately 100 to 200 words about pool deck repair.",
Website Design,"Write a unique article, approximately 100 to 200 words about pool deck repair.",
Website Design,"Write a unique article, approximately 100 to 200 words about pool deck repair.",
Website Design,"Write a unique article, approximately 100 to 200 words about pool deck repair.",
Website Design,"Write a unique article, approximately 100 to 200 words about pool deck repair.",
Website Design,"Write a unique article, approximately 100 to 200 words about pool deck repair.",
Website Design,"Write a unique article, approximately 100 to 200 words about pool deck repair.",
Website Design,"Write a unique article, approximately 100 to 200 words about pool deck repair.",
Website Design,"Write a unique article, approximately 100 to 200 words about pool deck repair.",
Website Design,"Write a unique article, approximately 100 to 200 words about pool deck repair.",
Website Design,"Write a unique article, approximately 100 to 200 words about pool deck repair.",
Website Design,"Write a unique article, approximately 100 to 200 words about pool deck repair.",
Website Design,"Write a unique article, approximately 100 to 200 words about pool deck repair.",
Website Design,"Write a unique article, approximately 100 to 200 words about pool deck repair.",
Website Design,"Write a unique article, approximately 100 to 200 words about pool deck repair.",
Website Design,"Write a unique article, approximately 100 to 200 words about pool deck repair.",
Website Design,"Write a unique article, approximately 100 to 200 words about pool deck repair.",
Website Design,"Write a unique article, approximately 100 to 200 words about pool deck repair.",
Website Design,"Write a unique article, approximately 100 to 200 words about pool deck repair.",
Website Design,"Write a unique article, approximately 100 to 200 words about pool deck repair.",
Website Design,"Write a unique article, approximately 100 to 200 words about pool deck repair.",
Website Design,"Write a unique article, approximately 100 to 200 words about pool deck repair.",
Website Design,"Write a unique article, approximately 100 to 200 words about pool deck repair.",
Website Design,"Write a unique article, approximately 100 to 200 words about pool deck repair.",
Website Design,"Write a unique article, approximately 100 to 200 words about pool deck repair.",
Website Design,"Write a unique article, approximately 100 to 200 words about pool deck repair.",
Website Design,"Write a unique article, approximately 100 to 200 words about pool deck repair.",
Website Design,"Write a unique article, approximately 100 to 200 words about pool deck repair.",
Website Design,"Write a unique article, approximately 100 to 200 words about pool deck repair.",
Website Design,"Write a unique article, approximately 100 to 200 words about pool deck repair.",
Website Design,"Write a unique article, approximately 100 to 200 words about pool deck repair.",
Website Design,"Write a unique article, approximately 100 to 200 words about pool deck repair.",
Website Design,"Write a unique article, approximately 100 to 200 words about pool deck repair.",
Website Design,"Write a unique article, approximately 100 to 200 words about pool deck repair.",
Website Design,"Write a unique article, approximately 100 to 200 words about pool deck repair.",
Website Design,"Write a unique article, approximately 100 to 200 words about pool deck repair.",
Website Design,"Write a unique article, approximately 100 to 200 words about pool deck repair.",
Website Design,"Write a unique article, approximately 100 to 200 words about pool deck repair.",
Website Design,"Write a unique article, approximately 100 to 200 words about pool deck repair.",
Website Design,"Write a unique article, approximately 100 to 200 words about pool deck repair.",
Website Design,"Write a unique article, approximately 100 to 200 words about pool deck repair.",
Website Design,"Write a unique article, approximately 100 to 200 words about pool deck repair.",
Website Design,"Write a unique article, approximately 100 to 200 words about pool deck repair.",
Website Design,"Write a unique article, approximately 100 to 200 words about pool deck repair.",
Website Design,"Write a unique article, approximately 100 to 200 words about pool deck repair.",
Website Design,"Write a unique article, approximately 100 to 200 words about pool deck repair.",
Website Design,"Write a unique article, approximately 100 to 200 words about pool deck repair.",
Website Design,"Write a unique article, approximately 100 to 200 words about pool deck repair.",
Website Design,"Write a unique article, approximately 100 to 200 words about pool deck repair.",
Website Design,"Write a unique article, approximately 100 to 200 words about pool deck repair.",
Website Design,"Write a unique article, approximately 100 to 200 words about pool deck repair.",
Website Design,"Write a unique article, approximately 100 to 200 words about pool deck repair.",
Website Design,"Write a unique article, approximately 100 to 200 words about pool deck repair.",
Website Design,"Write a unique article, approximately 100 to 200 words about pool deck repair.",
Website Design,"Write a unique article, approximately 100 to 200 words about pool deck repair.",
Website Design,"Write a unique article, approximately 100 to 200 words about pool deck repair.",
Website Design,"Write a unique article, approximately 100 to 200 words about pool deck repair.",
Website Design,"Write a unique article, approximately 100 to 200 words about pool deck repair.",
Website Design,"Write a unique article, approximately 100 to 200 words about pool deck repair.",
Website Design,"Write a unique article, approximately 100 to 200 words about pool deck repair.",
Website Design,"Write a unique article, approximately 100 to 200 words about pool deck repair.",
Website Design,"Write a unique article, approximately 100 to 200 words about pool deck repair.",
Website Design,"Write a unique article, approximately 100 to 200 words about pool deck repair.",
Website Design,"Write a unique article, approximately 100 to 200 words about pool deck repair.",
Website Design,"Write a unique article, approximately 100 to 200 words about pool deck repair.",
Website Design,"Write a unique article, approximately 100 to 200 words about pool deck repair.",
Website Design,"Write a unique article, approximately 100 to 200 words about pool deck repair.",
Website Design,"Write a unique article, approximately 100 to 200 words about pool deck repair.",
Website Design,"Write a unique article, approximately 100 to 200 words about pool deck repair.",
Website Design,"Write a unique article, approximately 100 to 200 words about pool deck repair.",
Website Design,"Write a unique article, approximately 100 to 200 words about pool deck repair.",
Website Design,"Write a unique article, approximately 100 to 200 words about pool deck repair.",
Website Design,"Write a unique article, approximately 100 to 200 words about pool deck repair.",
Website Design,"Write a unique article, approximately 100 to 200 words about pool deck repair.",
Website Design,"Write a unique article, approximately 100 to 200 words about pool deck repair.",
Website Design,"Write a unique article, approximately 100 to 200 words about pool deck repair.",
Website Design,"Write a unique article, approximately 100 to 200 words about pool deck repair.",
Website Design,"Write a unique article, approximately 100 to 200 words about pool deck repair.",
Website Design,"Write a unique article, approximately 100 to 200 words about pool deck repair.",
Website Design,"Write a unique article, approximately 100 to 200 words about pool deck repair.",
Website Design,"Write a unique article, approximately 100 to 200 words about pool deck repair.",
Website Design,"Write a unique article, approximately 100 to 200 words about pool deck repair.",
Website Design,"Write a unique article, approximately 100 to 200 words about pool deck repair.",
Website Design,"Write a unique article, approximately 100 to 200 words about pool deck repair.",
Website Design,"Write a unique article, approximately 100 to 200 words about pool deck repair.",
Website Design,"Write a unique article, approximately 100 to 200 words about pool deck repair.",
Website Design,"Write a unique article, approximately 100 to 200 words about pool deck repair.",
Website Design,"Write a unique article, approximately 100 to 200 words about pool deck repair.",
Website Design,"Write a unique article, approximately 100 to 200 words about pool deck repair.",
Website Design,"Write a unique article, approximately 100 to 200 words about pool deck repair.",
Website Design,"Write a unique article, approximately 100 to 200 words about pool deck repair.",
Website Design,"Write a unique article, approximately 100 to 200 words about pool deck repair.",
Website Design,"Write a unique article, approximately 100 to 200 words about pool deck repair.",
Website Design,"Write a unique article, approximately 100 to 200 words about pool deck repair.",
Website Design,"Write a unique article, approximately 100 to 200 words about pool deck repair.",
Website Design,"Write a unique article, approximately 100 to 200 words about pool deck repair.",
Website Design,"Write a unique article, approximately 100 to 200 words about pool deck repair.",
Website Design,"Write a unique article, approximately 100 to 200 words about pool deck repair.",
Website Design,"Write a unique article, approximately 100 to 200 words about pool deck repair.",
Website Design,"Write a unique article, approximately 100 to 200 words about pool deck repair.",
Website Design,"Write a unique article, approximately 100 to 200 words about pool deck repair.",
Website Design,"Write a unique article, approximately 100 to 200 words about pool deck repair.",
Website Design,"Write a unique article, approximately 100 to 200 words about pool deck repair.",
Website Design,"Write a unique article, approximately 100 to 200 words about pool deck repair.",
Website Design,"Write a unique article, approximately 100 to 200 words about pool deck repair.",
Website Design,"Write a unique article, approximately 100 to 200 words about pool deck repair.",
Website Design,"Write a unique article, approximately 100 to 200 words about pool deck repair.",
Website Design,"Write a unique article, approximately 100 to 200 words about pool deck repair.",
Website Design,"Write a unique article, approximately 100 to 200 words about pool deck repair.",
Website Design,"Write a unique article, approximately 100 to 200 words about pool deck repair.",
Website Design,"Write a unique article, approximately 100 to 200 words about pool deck repair.",
Website Design,"Write a unique article, approximately 100 to 200 words about pool deck repair.",
Website Design,"Write a unique article, approximately 100 to 200 words about pool deck repair.",
Website Design,"Write a unique article, approximately 100 to 200 words about pool deck repair.",
Website Design,"Write a unique article, approximately 100 to 200 words about pool deck repair.",
Website Design,"Write a unique article, approximately 100 to 200 words about pool deck repair.",
Website Design,"Write a unique article, approximately 100 to 200 words about pool deck repair.",
Website Design,"Write a unique article, approximately 100 to 200 words about pool deck repair.",
Website Design,"Write a unique article, approximately 100 to 200 words about pool deck repair.",
Website Design,"Write a unique article, approximately 100 to 200 words about pool deck repair.",
Website Design,"Write a unique article, approximately 100 to 200 words about pool deck repair.",
Website Design,"Write a unique article, approximately 100 to 200 words about pool deck repair.",
Website Design,"Write a unique article, approximately 100 to 200 words about pool deck repair.",
Website Design,"Write a unique article, approximately 100 to 200 words about pool deck repair.",
Website Design,"Write a unique article, approximately 100 to 200 words about pool deck repair.",
Website Design,"Write a unique article, approximately 100 to 200 words about pool deck repair.",
Website Design,"Write a unique article, approximately 100 to 200 words about pool deck repair.",
Website Design,"Write a unique article, approximately 100 to 200 words about pool deck repair.",
Website Design,"Write a unique article, approximately 100 to 200 words about pool deck repair.",
Website Design,"Write a unique article, approximately 100 to 200 words about pool deck repair.",
Website Design,"Write a unique article, approximately 100 to 200 words about pool deck repair.",
Website Design,"Write a unique article, approximately 100 to 200 words about pool deck repair.",
Website Design,"Write a unique article, approximately 100 to 200 words about pool deck repair.",
Website Design,"Write a unique article, approximately 100 to 200 words about pool deck repair.",
Website Design,"Write a unique article, approximately 100 to 200 words about pool deck repair.",
Website Design,"Write a unique article, approximately 100 to 200 words about pool deck repair.",
Website Design,"Write a unique article, approximately 100 to 200 words about pool deck repair.",
Website Design,"Write a unique article, approximately 100 to 200 words about pool deck repair.",
Website Design,"Write a unique article, approximately 100 to 200 words about pool deck repair.",
Website Design,"Write a unique article, approximately 100 to 200 words about pool deck repair.",
Website Design,"Write a unique article, approximately 100 to 200 words about pool deck repair.",
Website Design,"Write a unique article, approximately 100 to 200 words about pool deck repair.",
Website Design,"Write a unique article, approximately 100 to 200 words about pool deck repair.",
Website Design,"Write a unique article, approximately 100 to 200 words about pool deck repair.",
Website Design,"Write a unique article, approximately 100 to 200 words about pool deck repair.",
Website Design,"Write a unique article, approximately 100 to 200 words about pool deck repair.",
Website Design,"Write a unique article, approximately 100 to 200 words about pool deck repair.",
Website Design,"Write a unique article, approximately 100 to 200 words about pool deck repair.",
Website Design,"Write a unique article, approximately 100 to 200 words about pool deck repair.",
Website Design,"Write a unique article, approximately 100 to 200 words about pool deck repair.",
Website Design,"Write a unique article, approximately 100 to 200 words about pool deck repair.",
Website Design,"Write a unique article, approximately 100 to 200 words about pool deck repair.",
Website Design,"Write a unique article, approximately 100 to 200 words about pool deck repair.",
Website Design,"Write a unique article, approximately 100 to 200 words about pool deck repair.",
Website Design,"Write a unique article, approximately 100 to 200 words about pool deck repair.",
Website Design,"Write a unique article, approximately 100 to 200 words about pool deck repair.",
Website Design,"Write a unique article, approximately 100 to 200 words about pool deck repair.",
Website Design,"Write a unique article, approximately 100 to 200 words about pool deck repair.",
Website Design,"Write a unique article, approximately 100 to 200 words about pool deck repair.",
Website Design,"Write a unique article, approximately 100 to 200 words about pool deck repair.",
Website Design,"Write a unique article, approximately 100 to 200 words about pool deck repair.",
Website Design,"Write a unique article, approximately 100 to 200 words about pool deck repair.",
Website Design,"Write a unique article, approximately 100 to 200 words about pool deck repair.",
Website Design,"Write a unique article, approximately 100 to 200 words about pool deck repair.",
Website Design,"Write a unique article, approximately 100 to 200 words about pool deck repair.",
Website Design,"Write a unique article, approximately 100 to 200 words about pool deck repair.",
Website Design,"Write a unique article, approximately 100 to 200 words about pool deck repair.",
Website Design,"Write a unique article, approximately 100 to 200 words about pool deck repair.",
Website Design,"Write a unique article, approximately 100 to 200 words about pool deck repair.",
Website Design,"Write a unique article, approximately 100 to 200 words about pool deck repair.",
Website Design,"Write a unique article, approximately 100 to 200 words about pool deck repair.",
Website Design,"Write a unique article, approximately 100 to 200 words about pool deck repair.",
Website Design,"Write a unique article, approximately 100 to 200 words about pool deck repair.",
Website Design,"Write a unique article, approximately 100 to 200 words about pool deck repair.",
Website Design,"Write a unique article, approximately 100 to 200 words about pool deck repair.",
Website Design,"Write a unique article, approximately 100 to 200 words about pool deck repair.",
Website Design,"Write a unique article, approximately 100 to 200 words about pool deck repair.",
Website Design,"Write a unique article, approximately 100 to 200 words about pool deck repair.",
Website Design,"Write a unique article, approximately 100 to 200 words about pool deck repair.",
Website Design,"Write a unique article, approximately 100 to 200 words about pool deck repair.",
Website Design,"Write a unique article, approximately 100 to 200 words about pool deck repair.",
Website Design,"Write a unique article, approximately 100 to 200 words about pool deck repair.",
Website Design,"Write a unique article, approximately 100 to 200 words about pool deck repair.",
Website Design,"Write a unique article, approximately 100 to 200 words about pool deck repair.",
Website Design,"Write a unique article, approximately 100 to 200 words about pool deck repair.",
Website Design,"Write a unique article, approximately 100 to 200 words about pool deck repair.",
Website Design,"Write a unique article, approximately 100 to 200 words about pool deck repair.",
Website Design,"Write a unique article, approximately 100 to 200 words about pool deck repair.",
Website Design,"Write a unique article, approximately 100 to 200 words about pool deck repair.",
Website Design,"Write a unique article, approximately 100 to 200 words about pool deck repair.",
Website Design,"Write a unique article, approximately 100 to 200 words about pool deck repair.",
Website Design,"Write a unique article, approximately 100 to 200 words about pool deck repair.",
Website Design,"Write a unique article, approximately 100 to 200 words about pool deck repair.",
Website Design,"Write a unique article, approximately 100 to 200 words about pool deck repair.",
Website Design,"Write a unique article, approximately 100 to 200 words about pool deck repair.",
Website Design,"Write a unique article, approximately 100 to 200 words about pool deck repair.",
Website Design,"Write a unique article, approximately 100 to 200 words about pool deck repair.",
Website Design,"Write a unique article, approximately 100 to 200 words about pool deck repair.",
Website Design,"Write a unique article, approximately 100 to 200 words about pool deck repair.",
Website Design,"Write a unique article, approximately 100 to 200 words about pool deck repair.",
Website Design,"Write a unique article, approximately 100 to 200 words about pool deck repair.",
Website Design,"Write a unique article, approximately 100 to 200 words about pool deck repair.",
Website Design,"Write a unique article, approximately 100 to 200 words about pool deck repair.",
Website Design,"Write a unique article, approximately 100 to 200 words about pool deck repair.",
Website Design,"Write a unique article, approximately 100 to 200 words about pool deck repair.",
Website Design,"Write a unique article, approximately 100 to 200 words about pool deck repair.",
Website Design,"Write a unique article, approximately 100 to 200 words about pool deck repair.",
Website Design,"Write a unique article, approximately 100 to 200 words about pool deck repair.",
Website Design,"Write a unique article, approximately 100 to 200 words about pool deck repair.",
Website Design,"Write a unique article, approximately 100 to 200 words about pool deck repair.",
Website Design,"Write a unique article, approximately 100 to 200 words about pool deck repair.",
Website Design,"Write a unique article, approximately 100 to 200 words about pool deck repair.",
Website Design,"Write a unique article, approximately 100 to 200 words about pool deck repair.",
Website Design,"Write a unique article, approximately 100 to 200 words about pool deck repair.",
Website Design,"Write a unique article, approximately 100 to 200 words about pool deck repair.",
Website Design,"Write a unique article, approximately 100 to 200 words about pool deck repair.",
Website Design,"Write a unique article, approximately 100 to 200 words about pool deck repair.",
Website Design,"Write a unique article, approximately 100 to 200 words about pool deck repair.",
Website Design,"Write a unique article, approximately 100 to 200 words about pool deck repair.",
Website Design,"Write a unique article, approximately 100 to 200 words about pool deck repair.",
Website Design,"Write a unique article, approximately 100 to 200 words about pool deck repair.",
Website Design,"Write a unique article, approximately 100 to 200 words about pool deck repair.",
Website Design,"Write a unique article, approximately 100 to 200 words about pool deck repair.",
Website Design,"Write a unique article, approximately 100 to 200 words about pool deck repair.",
Website Design,"Write a unique article, approximately 100 to 200 words about pool deck repair.",
Website Design,"Write a unique article, approximately 100 to 200 words about pool deck repair.",
Website Design,"Write a unique article, approximately 100 to 200 words about pool deck repair.",
Website Design,"Write a unique article, approximately 100 to 200 words about pool deck repair.",
Website Design,"Write a unique article, approximately 100 to 200 words about pool deck repair.",
Website Design,"Write a unique article, approximately 100 to 200 words about pool deck repair.",
Website Design,"Write a unique article, approximately 100 to 200 words about pool deck repair.",
Website Design,"Write a unique article, approximately 100 to 200 words about pool deck repair.",
Website Design,"Write a unique article, approximately 100 to 200 words about pool deck repair.",
Website Design,"Write a unique article, approximately 100 to 200 words about pool deck repair.",
Website Design,"Write a unique article, approximately 100 to 200 words about pool deck repair.",
Website Design,"Write a unique article, approximately 100 to 200 words about pool deck repair.",
Website Design,"Write a unique article, approximately 100 to 200 words about pool deck repair.",
Website Design,"Write a unique article, approximately 100 to 200 words about pool deck repair.",
Website Design,"Write a unique article, approximately 100 to 200 words about pool deck repair.",
Website Design,"Write a unique article, approximately 100 to 200 words about pool deck repair.",
Website Design,"Write a unique article, approximately 100 to 200 words about pool deck repair.",
Website Design,"Write a unique article, approximately 100 to 200 words about pool deck repair.",
Website Design,"Write a unique article, approximately 100 to 200 words about pool deck repair.",
Website Design,"Write a unique article, approximately 100 to 200 words about pool deck repair.",
Website Design,"Write a unique article, approximately 100 to 200 words about pool deck repair.",
Website Design,"Write a unique article, approximately 100 to 200 words about pool deck repair.",
Website Design,"Write a unique article, approximately 100 to 200 words about pool deck repair.",
Website Design,"Write a unique article, approximately 100 to 200 words about pool deck repair.",
Website Design,"Write a unique article, approximately 100 to 200 words about pool deck repair.",
Website Design,"Write a unique article, approximately 100 to 200 words about pool deck repair.",
Website Design,"Write a unique article, approximately 100 to 200 words about pool deck repair.",
Website Design,"Write a unique article, approximately 100 to 200 words about pool deck repair.",
Website Design,"Write a unique article, approximately 100 to 200 words about pool deck repair.",
Website Design,"Write a unique article, approximately 100 to 200 words about pool deck repair.",
Website Design,"Write a unique article, approximately 100 to 200 words about pool deck repair.",
Website Design,"Write a unique article, approximately 100 to 200 words about pool deck repair.",
Website Design,"Write a unique article, approximately 100 to 200 words about pool deck repair.",
Website Design,"Write a unique article, approximately 100 to 200 words about pool deck repair.",
Website Design,"Write a unique article, approximately 100 to 200 words about pool deck repair.",
Website Design,"Write a unique article, approximately 100 to 200 words about pool deck repair.",
Website Design,"Write a unique article, approximately 100 to 200 words about pool deck repair.",
Website Design,"Write a unique article, approximately 100 to 200 words about pool deck repair.",
Website Design,"Write a unique article, approximately 100 to 200 words about pool deck repair.",
Website Design,"Write a unique article, approximately 100 to 200 words about pool deck repair.",
Website Design,"Write a unique article, approximately 100 to 200 words about pool deck repair.",
Website Design,"Write a unique article, approximately 100 to 200 words about pool deck repair.",
Website Design,"Write a unique article, approximately 100 to 200 words about pool deck repair.",
Website Design,"Write a unique article, approximately 100 to 200 words about pool deck repair.",
Website Design,"Write a unique article, approximately 100 to 200 words about pool deck repair.",
Website Design,"Write a unique article, approximately 100 to 200 words about pool deck repair.",
Website Design,"Write a unique article, approximately 100 to 200 words about pool deck repair.",
Website Design,"Write a unique article, approximately 100 to 200 words about pool deck repair.",
Website Design,"Write a unique article, approximately 100 to 200 words about pool deck repair.",
Website Design,"Write a unique article, approximately 100 to 200 words about pool deck repair.",
Website Design,"Write a unique article, approximately 100 to 200 words about pool deck repair.",
Website Design,"Write a unique article, approximately 100 to 200 words about pool deck repair.",
Website Design,"Write a unique article, approximately 100 to 200 words about pool deck repair.",
Website Design,"Write a unique article, approximately 100 to 200 words about pool deck repair.",
Website Design,"Write a unique article, approximately 100 to 200 words about pool deck repair.",
Website Design,"Write a unique article, approximately 100 to 200 words about pool deck repair.",
Website Design,"Write a unique article, approximately 100 to 200 words about pool deck repair.",
Website Design,"Write a unique article, approximately 100 to 200 words about pool deck repair.",
Website Design,"Write a unique article, approximately 100 to 200 words about pool deck repair.",
Website Design,"Write a unique article, approximately 100 to 200 words about pool deck repair.",
Website Design,"Write a unique article, approximately 100 to 200 words about pool deck repair.",
Website Design,"Write a unique article, approximately 100 to 200 words about pool deck repair.",
Website Design,"Write a unique article, approximately 100 to 200 words about pool deck repair.",
Website Design,"Write a unique article, approximately 100 to 200 words about pool deck repair.",
Website Design,"Write a unique article, approximately 100 to 200 words about pool deck repair.",
Website Design,"Write a unique article, approximately 100 to 200 words about pool deck repair.",
Website Design,"Write a unique article, approximately 100 to 200 words about pool deck repair.",
Website Design,"Write a unique article, approximately 100 to 200 words about pool deck repair.",
Website Design,"Write a unique article, approximately 100 to 200 words about pool deck repair.",
Website Design,"Write a unique article, approximately 100 to 200 words about pool deck repair.",
Website Design,"Write a unique article, approximately 100 to 200 words about pool deck repair.",
Website Design,"Write a unique article, approximately 100 to 200 words about pool deck repair.",
Website Design,"Write a unique article, approximately 100 to 200 words about pool deck repair.",
Website Design,"Write a unique article, approximately 100 to 200 words about pool deck repair.",
Website Design,"Write a unique article, approximately 100 to 200 words about pool deck repair.",
Website Design,"Write a unique article, approximately 100 to 200 words about pool deck repair.",
Website Design,"Write a unique article, approximately 100 to 200 words about pool deck repair.",
Website Design,"Write a unique article, approximately 100 to 200 words about pool deck repair.",
Website Design,"Write a unique article, approximately 100 to 200 words about pool deck repair.",
Website Design,"Write a unique article, approximately 100 to 200 words about pool deck repair.",
Website Design,"Write a unique article, approximately 100 to 200 words about pool deck repair.",
Website Design,"Write a unique article, approximately 100 to 200 words about pool deck repair.",
Website Design,"Write a unique article, approximately 100 to 200 words about pool deck repair.",
Website Design,"Write a unique article, approximately 100 to 200 words about pool deck repair.",
Website Design,"Write a unique article, approximately 100 to 200 words about pool deck repair.",
Website Design,"Write a unique article, approximately 100 to 200 words about pool deck repair.",
Website Design,"Write a unique article, approximately 100 to 200 words about pool deck repair.",
Website Design,"Write a unique article, approximately 100 to 200 words about pool deck repair.",
Website Design,"Write a unique article, approximately 100 to 200 words about pool deck repair.",
Website Design,"Write a unique article, approximately 100 to 200 words about pool deck repair.",
Website Design,"Write a unique article, approximately 100 to 200 words about pool deck repair.",
Website Design,"Write a unique article, approximately 100 to 200 words about pool deck repair.",
Website Design,"Write a unique article, approximately 100 to 200 words about pool deck repair.",
Website Design,"Write a unique article, approximately 100 to 200 words about pool deck repair.",
Website Design,"Write a unique article, approximately 100 to 200 words about pool deck repair.",
Website Design,"Write a unique article, approximately 100 to 200 words about pool deck repair.",
Website Design,"Write a unique article, approximately 100 to 200 words about pool deck repair.",
Website Design,"Write a unique article, approximately 100 to 200 words about pool deck repair.",
Website Design,"Write a unique article, approximately 100 to 200 words about pool deck repair.",
Website Design,"Write a unique article, approximately 100 to 200 words about pool deck repair.",
Website Design,"Write a unique article, approximately 100 to 200 words about pool deck repair.",
Website Design,"Write a unique article, approximately 100 to 200 words about pool deck repair.",
Website Design,"Write a unique article, approximately 100 to 200 words about pool deck repair.",
Website Design,"Write a unique article, approximately 100 to 200 words about pool deck repair.",
Website Design,"Write a unique article, approximately 100 to 200 words about pool deck repair.",
Website Design,"Write a unique article, approximately 100 to 200 words about pool deck repair.",
Website Design,"Write a unique article, approximately 100 to 200 words about pool deck repair.",
Website Design,"Write a unique article, approximately 100 to 200 words about pool deck repair.",
Website Design,"Write a unique article, approximately 100 to 200 words about pool deck repair.",
Website Design,"Write a unique article, approximately 100 to 200 words about pool deck repair.",
Website Design,"Write a unique article, approximately 100 to 200 words about pool deck repair.",
Website Design,"Write a unique article, approximately 100 to 200 words about pool deck repair.",
Website Design,"Write a unique article, approximately 100 to 200 words about pool deck repair.",
Website Design,"Write a unique article, approximately 100 to 200 words about pool deck repair.",
Website Design,"Write a unique article, approximately 100 to 200 words about pool deck repair.",
Website Design,"Write a unique article, approximately 100 to 200 words about pool deck repair.",
Website Design,"Write a unique article, approximately 100 to 200 words about pool deck repair.",
Website Design,"Write a unique article, approximately 100 to 200 words about pool deck repair.",
Website Design,"Write a unique article, approximately 100 to 200 words about pool deck repair.",
Website Design,"Write a unique article, approximately 100 to 200 words about pool deck repair.",
Website Design,"Write a unique article, approximately 100 to 200 words about pool deck repair.",
Website Design,"Write a unique article, approximately 100 to 200 words about pool deck repair.",
Website Design,"Write a unique article, approximately 100 to 200 words about pool deck repair.",
Website Design,"Write a unique article, approximately 100 to 200 words about pool deck repair.",
Website Design,"Write a unique article, approximately 100 to 200 words about pool deck repair.",
Website Design,"Write a unique article, approximately 100 to 200 words about pool deck repair.",
Website Design,"Write a unique article, approximately 100 to 200 words about pool deck repair.",
Website Design,"Write a unique article, approximately 100 to 200 words about pool deck repair.",
Website Design,"Write a unique article, approximately 100 to 200 words about pool deck repair.",
Website Design,"Write a unique article, approximately 100 to 200 words about pool deck repair.",
Website Design,"Write a unique article, approximately 100 to 200 words about pool deck repair.",
Website Design,"Write a unique article, approximately 100 to 200 words about pool deck repair.",
Website Design,"Write a unique article, approximately 100 to 200 words about pool deck repair.",
Website Design,"Write a unique article, approximately 100 to 200 words about pool deck repair.",
Website Design,"Write a unique article, approximately 100 to 200 words about pool deck repair.",
Website Design,"Write a unique article, approximately 100 to 200 words about pool deck repair.",
Website Design,"Write a unique article, approximately 100 to 200 words about pool deck repair.",
Website Design,"Write a unique article, approximately 100 to 200 words about pool deck repair.",
Website Design,"Write a unique article, approximately 100 to 200 words about pool deck repair.",
Website Design,"Write a unique article, approximately 100 to 200 words about pool deck repair.",
Website Design,"Write a unique article, approximately 100 to 200 words about pool deck repair.",
Website Design,"Write a unique article, approximately 100 to 200 words about pool deck repair.",
Website Design,"Write a unique article, approximately 100 to 200 words about pool deck repair.",
Website Design,"Write a unique article, approximately 100 to 200 words about pool deck repair.",
Website Design,"Write a unique article, approximately 100 to 200 words about pool deck repair.",
Website Design,"Write a unique article, approximately 100 to 200 words about pool deck repair.",
Website Design,"Write a unique article, approximately 100 to 200 words about pool deck repair.",
Website Design,"Write a unique article, approximately 100 to 200 words about pool deck repair.",
Website Design,"Write a unique article, approximately 100 to 200 words about pool deck repair.",
Website Design,"Write a unique article, approximately 100 to 200 words about pool deck repair.",
Website Design,"Write a unique article, approximately 100 to 200 words about pool deck repair.",
Website Design,"Write a unique article, approximately 100 to 200 words about pool deck repair.",
Website Design,"Write a unique article, approximately 100 to 200 words about pool deck repair.",
Website Design,"Write a unique article, approximately 100 to 200 words about pool deck repair.",
Website Design,"Write a unique article, approximately 100 to 200 words about pool deck repair.",
Website Design,"Write a unique article, approximately 100 to 200 words about pool deck repair.",
Website Design,"Write a unique article, approximately 100 to 200 words about pool deck repair.",
Website Design,"Write a unique article, approximately 100 to 200 words about pool deck repair.",
Website Design,"Write a unique article, approximately 100 to 200 words about pool deck repair.",
Website Design,"Write a unique article, approximately 100 to 200 words about pool deck repair.",
Website Design,"Write a unique article, approximately 100 to 200 words about pool deck repair.",
Website Design,"Write a unique article, approximately 100 to 200 words about pool deck repair.",
Website Design,"Write a unique article, approximately 100 to 200 words about pool deck repair.",
Website Design,"Write a unique article, approximately 100 to 200 words about pool deck repair.",
Website Design,"Write a unique article, approximately 100 to 200 words about pool deck repair.",
Website Design,"Write a unique article, approximately 100 to 200 words about pool deck repair.",
Website Design,"Write a unique article, approximately 100 to 200 words about pool deck repair.",
Website Design,"Write a unique article, approximately 100 to 200 words about pool deck repair.",
Website Design,"Write a unique article, approximately 100 to 200 words about pool deck repair.",
Website Design,"Write a unique article, approximately 100 to 200 words about pool deck repair.",
Website Design,"Write a unique article, approximately 100 to 200 words about pool deck repair.",
Website Design,"Write a unique article, approximately 100 to 200 words about pool deck repair.",
Website Design,"Write a unique article, approximately 100 to 200 words about pool deck repair.",
Website Design,"Write a unique article, approximately 100 to 200 words about pool deck repair.",
Website Design,"Write a unique article, approximately 100 to 200 words about pool deck repair.",
Website Design,"Write a unique article, approximately 100 to 200 words about pool deck repair.",
Website Design,"Write a unique article, approximately 100 to 200 words about pool deck repair.",
Website Design,"Write a unique article, approximately 100 to 200 words about pool deck repair.",
Website Design,"Write a unique article, approximately 100 to 200 words about pool deck repair.",
Website Design,"Write a unique article, approximately 100 to 200 words about pool deck repair.",
Website Design,"Write a unique article, approximately 100 to 200 words about pool deck repair.",
Website Design,"Write a unique article, approximately 100 to 200 words about pool deck repair.",
Website Design,"Write a unique article, approximately 100 to 200 words about pool deck repair.",
Website Design,"Write a unique article, approximately 100 to 200 words about pool deck repair.",
Website Design,"Write a unique article, approximately 100 to 200 words about pool deck repair.",
Website Design,"Write a unique article, approximately 100 to 200 words about pool deck repair.",
Website Design,"Write a unique article, approximately 100 to 200 words about pool deck repair.",
Website Design,"Write a unique article, approximately 100 to 200 words about pool deck repair.",
Website Design,"Write a unique article, approximately 100 to 200 words about pool deck repair.",
Website Design,"Write a unique article, approximately 100 to 200 words about pool deck repair.",
Website Design,"Write a unique article, approximately 100 to 200 words about pool deck repair.",
Website Design,"Write a unique article, approximately 100 to 200 words about pool deck repair.",
Website Design,"Write a unique article, approximately 100 to 200 words about pool deck repair.",
Website Design,"Write a unique article, approximately 100 to 200 words about pool deck repair.",
Website Design,"Write a unique article, approximately 100 to 200 words about pool deck repair.",
Website Design,"Write a unique article, approximately 100 to 200 words about pool deck repair.",
Website Design,"Write a unique article, approximately 100 to 200 words about pool deck repair.",
Website Design,"Write a unique article, approximately 100 to 200 words about pool deck repair.",
Website Design,"Write a unique article, approximately 100 to 200 words about pool deck repair.",
Website Design,"Write a unique article, approximately 100 to 200 words about pool deck repair.",
Website Design,"Write a unique article, approximately 100 to 200 words about pool deck repair.",
Website Design,"Write a unique article, approximately 100 to 200 words about pool deck repair.",
Website Design,"Write a unique article, approximately 100 to 200 words about pool deck repair.",
Website Design,"Write a unique article, approximately 100 to 200 words about pool deck repair.",
Website Design,"Write a unique article, approximately 100 to 200 words about pool deck repair.",
Website Design,"Write a unique article, approximately 100 to 200 words about pool deck repair.",
Website Design,"Write a unique article, approximately 100 to 200 words about pool deck repair.",
Website Design,"Write a unique article, approximately 100 to 200 words about pool deck repair.",
Website Design,"Write a unique article, approximately 100 to 200 words about pool deck repair.",
Website Design,"Write a unique article, approximately 100 to 200 words about pool deck repair.",
Website Design,"Write a unique article, approximately 100 to 200 words about pool deck repair.",
Website Design,"Write a unique article, approximately 100 to 200 words about pool deck repair.",
Website Design,"Write a unique article, approximately 100 to 200 words about pool deck repair.",
Website Design,"Write a unique article, approximately 100 to 200 words about pool deck repair.",
Website Design,"Write a unique article, approximately 100 to 200 words about pool deck repair.",
Website Design,"Write a unique article, approximately 100 to 200 words about pool deck repair.",
Website Design,"Write a unique article, approximately 100 to 200 words about pool deck repair.",
Website Design,"Write a unique article, approximately 100 to 200 words about pool deck repair.",
Website Design,"Write a unique article, approximately 100 to 200 words about pool deck repair.",
Website Design,"Write a unique article, approximately 100 to 200 words about pool deck repair.",
Website Design,"Write a unique article, approximately 100 to 200 words about pool deck repair.",
Website Design,"Write a unique article, approximately 100 to 200 words about pool deck repair.",
Website Design,"Write a unique article, approximately 100 to 200 words about pool deck repair.",
Website Design,"Write a unique article, approximately 100 to 200 words about pool deck repair.",
Website Design,"Write a unique article, approximately 100 to 200 words about pool deck repair.",
Website Design,"Write a unique article, approximately 100 to 200 words about pool deck repair.",
Website Design,"Write a unique article, approximately 100 to 200 words about pool deck repair.",
Website Design,"Write a unique article, approximately 100 to 200 words about pool deck repair.",
Website Design,"Write a unique article, approximately 100 to 200 words about pool deck repair.",
Website Design,"Write a unique article, approximately 100 to 200 words about pool deck repair.",
Website Design,"Write a unique article, approximately 100 to 200 words about pool deck repair.",
Website Design,"Write a unique article, approximately 100 to 200 words about pool deck repair.",
Website Design,"Write a unique article, approximately 100 to 200 words about pool deck repair.",
Website Design,"Write a unique article, approximately 100 to 200 words about pool deck repair.",
Website Design,"Write a unique article, approximately 100 to 200 words about pool deck repair.",
Website Design,"Write a unique article, approximately 100 to 200 words about pool deck repair.",
Website Design,"Write a unique article, approximately 100 to 200 words about pool deck repair.",
Website Design,"Write a unique article, approximately 100 to 200 words about pool deck repair.",
Website Design,"Write a unique article, approximately 100 to 200 words about pool deck repair.",
Website Design,"Write a unique article, approximately 100 to 200 words about pool deck repair.",
Website Design,"Write a unique article, approximately 100 to 200 words about pool deck repair.",
Website Design,"Write a unique article, approximately 100 to 200 words about pool deck repair.",
Website Design,"Write a unique article, approximately 100 to 200 words about pool deck repair.",
Website Design,"Write a unique article, approximately 100 to 200 words about pool deck repair.",
Website Design,"Write a unique article, approximately 100 to 200 words about pool deck repair.",
Website Design,"Write a unique article, approximately 100 to 200 words about pool deck repair.",
Website Design,"Write a unique article, approximately 100 to 200 words about pool deck repair.",
Website Design,"Write a unique article, approximately 100 to 200 words about pool deck repair.",
Website Design,"Write a unique article, approximately 100 to 200 words about pool deck repair.",
Website Design,"Write a unique article, approximately 100 to 200 words about pool deck repair.",
Website Design,"Write a unique article, approximately 100 to 200 words about pool deck repair.",
Website Design,"Write a unique article, approximately 100 to 200 words about pool deck repair.",
Website Design,"Write a unique article, approximately 100 to 200 words about pool deck repair.",
Website Design,"Write a unique article, approximately 100 to 200 words about pool deck repair.",
Website Design,"Write a unique article, approximately 100 to 200 words about pool deck repair.",
Website Design,"Write a unique article, approximately 100 to 200 words about pool deck repair.",
Website Design,"Write a unique article, approximately 100 to 200 words about pool deck repair.",
Website Design,"Write a unique article, approximately 100 to 200 words about pool deck repair.",
Website Design,"Write a unique article, approximately 100 to 200 words about pool deck repair.",
Website Design,"Write a unique article, approximately 100 to 200 words about pool deck repair.",
Website Design,"Write a unique article, approximately 100 to 200 words about pool deck repair.",
Website Design,"Write a unique article, approximately 100 to 200 words about pool deck repair.",
Website Design,"Write a unique article, approximately 100 to 200 words about pool deck repair.",
Website Design,"Write a unique article, approximately 100 to 200 words about pool deck repair.",
Website Design,"Write a unique article, approximately 100 to 200 words about pool deck repair.",
Website Design,"Write a unique article, approximately 100 to 200 words about pool deck repair.",
